Device,UnrollLevel,AverageTimeMillis,AverageScore
DESKTOP-S3BHPOS,0,1.233618,21370.58565541197
DESKTOP-S3BHPOS,1,1.0577050000000001,25005.57591426153
DESKTOP-S3BHPOS,3,1.6898499999999999,17174.75859594608
DESKTOP-S3BHPOS,5,5.033600666666667,5928.673013525607
DESKTOP-S3BHPOS,7,7.5265770000000005,4976.323737187414
DESKTOP-S3BHPOS,10,12.463245666666666,4106.729740769049
DESKTOP-S3BHPOS,12,13.992362666666667,3947.4226250606166
DESKTOP-S3BHPOS,15,17.831192333333334,3630.4865161671673
